<?xml version="1.0"?>
<doc>
    <assembly>
        <name>LibSassHost</name>
    </assembly>
    <members>
        <member name="T:LibSassHost.AssemblyResolver">
            <summary>
            Assembly resolver
            </summary>
        </member>
        <member name="F:LibSassHost.AssemblyResolver.ASSEMBLY_NAME">
            <summary>
            Name of the LibSass assembly
            </summary>
        </member>
        <member name="M:LibSassHost.AssemblyResolver.Initialize">
            <summary>
            Initialize a assembly resolver
            </summary>
        </member>
        <member name="T:LibSassHost.CompilationOptions">
            <summary>
            Compilation options
            </summary>
        </member>
        <member name="P:LibSassHost.CompilationOptions.IncludePaths">
            <summary>
            Gets or sets a list of include paths
            </summary>
        </member>
        <member name="P:LibSassHost.CompilationOptions.IndentType">
            <summary>
            Gets or sets a indent type
            </summary>
        </member>
        <member name="P:LibSassHost.CompilationOptions.IndentWidth">
            <summary>
            Gets or sets a number of spaces or tabs to be used for indentation
            </summary>
        </member>
        <member name="P:LibSassHost.CompilationOptions.InlineSourceMap">
            <summary>
            Gets or sets a flag for whether to embed <code>sourceMappingUrl</code> as data uri
            </summary>
        </member>
        <member name="P:LibSassHost.CompilationOptions.LineFeedType">
            <summary>
            Gets or sets a line feed type
            </summary>
        </member>
        <member name="P:LibSassHost.CompilationOptions.OmitSourceMapUrl">
            <summary>
            Gets or sets a flag for whether to disable <code>sourceMappingUrl</code> in css output
            </summary>
        </member>
        <member name="P:LibSassHost.CompilationOptions.OutputStyle">
            <summary>
            Gets or sets a output style for the generated css code
            </summary>
        </member>
        <member name="P:LibSassHost.CompilationOptions.Precision">
            <summary>
            Gets or sets a precision for fractional numbers
            </summary>
        </member>
        <member name="P:LibSassHost.CompilationOptions.SourceComments">
            <summary>
            Gets or sets a flag for whether to emit comments in the generated CSS
            indicating the corresponding source line
            </summary>
        </member>
        <member name="P:LibSassHost.CompilationOptions.SourceMap">
            <summary>
            Gets or sets a flag for whether to enable source map generation
            </summary>
        </member>
        <member name="P:LibSassHost.CompilationOptions.SourceMapFileUrls">
            <summary>
            Gets or sets a flag for whether to create file urls for sources
            </summary>
        </member>
        <member name="P:LibSassHost.CompilationOptions.SourceMapIncludeContents">
            <summary>
            Gets or sets a flag for whether to include contents in maps
            </summary>
        </member>
        <member name="P:LibSassHost.CompilationOptions.SourceMapRootPath">
            <summary>
            Gets or sets a value will be emitted as <code>sourceRoot</code> in the source map information
            </summary>
        </member>
        <member name="M:LibSassHost.CompilationOptions.#ctor">
            <summary>
            Constructs a instance of the Sass compilation options
            </summary>
        </member>
        <member name="T:LibSassHost.CompilationResult">
            <summary>
            Compilation result
            </summary>
        </member>
        <member name="P:LibSassHost.CompilationResult.CompiledContent">
            <summary>
            Gets or sets a compilated Sass code
            </summary>
        </member>
        <member name="P:LibSassHost.CompilationResult.IncludedFilePaths">
            <summary>
            Gets or sets a list of included files
            </summary>
        </member>
        <member name="P:LibSassHost.CompilationResult.SourceMap">
            <summary>
            Gets or sets a source map
            </summary>
        </member>
        <member name="M:LibSassHost.CompilationResult.#ctor">
            <summary>
            Constructs a instance of the compilation result
            </summary>
        </member>
        <member name="T:LibSassHost.Constants.DllName">
            <summary>
            DLL names
            </summary>
        </member>
        <member name="T:LibSassHost.Utilities.CharExtensions">
            <summary>
            Extensions for Char
            </summary>
        </member>
        <member name="T:LibSassHost.Utilities.StringExtensions">
            <summary>
            Extensions for String
            </summary>
        </member>
        <member name="M:LibSassHost.Utilities.StringExtensions.ContainsQuotedValue(System.String,System.String)">
            <summary>
            Returns a value indicating whether the specified quoted string occurs within this string
            </summary>
            <param name="source">Instance of <see cref="T:System.String"/></param>
            <param name="value">The string without quotes to seek</param>
            <returns>true if the quoted value occurs within this string; otherwise, false</returns>
        </member>
        <member name="M:LibSassHost.Utilities.StringExtensions.TabsToSpaces(System.String,System.Int32)">
            <summary>
            Replaces a tabs by specified number of spaces
            </summary>
            <param name="source">String value</param>
            <param name="tabSize">Number of spaces in tab</param>
            <returns>Processed string value</returns>
        </member>
        <member name="M:LibSassHost.Utilities.StringExtensions.TryGetChar(System.String,System.Int32,System.Char@)">
            <summary>
            Gets a character at the specified index from the string.
            A return value indicates whether the receiving succeeded.
            </summary>
            <param name="source">The source string</param>
            <param name="index">The zero-based index of the character</param>
            <param name="result">When this method returns, contains the character from the string,
            if the receiving succeeded, or null character if the receiving failed.
            The receiving fails if the index out of bounds.</param>
            <returns>true if the character was received successfully; otherwise, false</returns>
        </member>
        <member name="F:LibSassHost.Utilities.SourceCodeNavigator._nextLineBreakChars">
            <summary>
            Array of characters used to find the next line break
            </summary>
        </member>
        <member name="F:LibSassHost.Utilities.SourceCodeNavigator._previousLineBreakChars">
            <summary>
            Array of characters used to find the previous line break
            </summary>
        </member>
        <member name="M:LibSassHost.Utilities.SourceCodeNavigator.FindNextLineBreak(System.String,System.Int32,System.Int32@,System.Int32@)">
            <summary>
            Finds a next line break
            </summary>
            <param name="sourceCode">Source code</param>
            <param name="startPosition">Position in the input string that defines the leftmost
            position to be searched</param>
            <param name="lineBreakPosition">Position of line break</param>
            <param name="lineBreakLength">Length of line break</param>
        </member>
        <member name="M:LibSassHost.Utilities.SourceCodeNavigator.FindNextLineBreak(System.String,System.Int32,System.Int32,System.Int32@,System.Int32@)">
            <summary>
            Finds a next line break
            </summary>
            <param name="sourceCode">Source code</param>
            <param name="startPosition">Position in the input string that defines the leftmost
            position to be searched</param>
            <param name="length">Number of characters in the substring to include in the search</param>
            <param name="lineBreakPosition">Position of line break</param>
            <param name="lineBreakLength">Length of line break</param>
        </member>
        <member name="M:LibSassHost.Utilities.SourceCodeNavigator.FindPreviousLineBreak(System.String,System.Int32,System.Int32@,System.Int32@)">
            <summary>
            Finds a previous line break
            </summary>
            <param name="sourceCode">Source code</param>
            <param name="startPosition">Position in the input string that defines the leftmost
            position to be searched</param>
            <param name="lineBreakPosition">Position of line break</param>
            <param name="lineBreakLength">Length of line break</param>
        </member>
        <member name="M:LibSassHost.Utilities.SourceCodeNavigator.CalculateLineBreakCount(System.String,System.Int32@,System.Int32@)">
            <summary>
            Calculates a line break count
            </summary>
            <param name="sourceCode">Source code</param>
            <param name="lineBreakCount">Number of line breaks</param>
            <param name="charRemainderCount">Number of characters left</param>
        </member>
        <member name="M:LibSassHost.Utilities.SourceCodeNavigator.CalculateLineBreakCount(System.String,System.Int32,System.Int32@,System.Int32@)">
            <summary>
            Calculates a line break count
            </summary>
            <param name="sourceCode">Source code</param>
            <param name="fragmentStartPosition">Start position of fragment</param>
            <param name="lineBreakCount">Number of line breaks</param>
            <param name="charRemainderCount">Number of characters left</param>
        </member>
        <member name="M:LibSassHost.Utilities.SourceCodeNavigator.CalculateLineBreakCount(System.String,System.Int32,System.Int32,System.Int32@,System.Int32@)">
            <summary>
            Calculates a line break count
            </summary>
            <param name="sourceCode">Source code</param>
            <param name="fragmentStartPosition">Start position of fragment</param>
            <param name="fragmentLength">Length of fragment</param>
            <param name="lineBreakCount">Number of line breaks</param>
            <param name="charRemainderCount">Number of characters left</param>
        </member>
        <member name="M:LibSassHost.Utilities.SourceCodeNavigator.CalculateNodeCoordinates(System.String,System.Int32)">
            <summary>
            Calculates a node coordinates
            </summary>
            <param name="sourceCode">Source code</param>
            <param name="nodePosition">Current node position</param>
            <returns>Node coordinates</returns>
        </member>
        <member name="M:LibSassHost.Utilities.SourceCodeNavigator.GetSourceFragment(System.String,System.Int32,System.Byte,System.Int32)">
            <summary>
            Gets a source fragment
            </summary>
            <param name="sourceCode">Source code</param>
            <param name="nodePosition">Current node position</param>
            <param name="tabSize">Number of spaces in the tab</param>
            <param name="maxFragmentLength">Maximum length of the source fragment</param>
            <returns>Source fragment</returns>
        </member>
        <member name="M:LibSassHost.Utilities.SourceCodeNavigator.GetSourceFragment(System.String,LibSassHost.Utilities.SourceCodeNodeCoordinates,System.Byte,System.Int32)">
            <summary>
            Gets a source fragment
            </summary>
            <param name="sourceCode">Source code</param>
            <param name="nodeCoordinates">Node coordinates</param>
            <param name="tabSize">Number of spaces in the tab</param>
            <param name="maxFragmentLength">Maximum length of the source fragment</param>
            <returns>Source fragment</returns>
        </member>
        <member name="M:LibSassHost.Utilities.SourceCodeNavigator.CalculateCutPositions(System.String,System.Int32,System.Int32,System.Int32@,System.Int32@)">
            <summary>
            Calculates a cut positions
            </summary>
            <param name="line">Line content</param>
            <param name="columnNumber">Column number</param>
            <param name="maxFragmentLength">Maximum length of the source fragment</param>
            <param name="fragmentStartPosition">Start position of source fragment</param>
            <param name="fragmentLength">Length of source fragment</param>
        </member>
        <member name="M:LibSassHost.Utilities.SourceCodeNavigator.FormatSourceCodeLine(System.String,LibSassHost.Utilities.SourceCodeNodeCoordinates,System.Int32,System.Int32,System.Int32,System.Byte)">
            <summary>
            Formats a line of source code
            </summary>
            <param name="line">Line content</param>
            <param name="nodeCoordinates">Node coordinates</param>
            <param name="lineNumberSize">Number of symbols in the line number caption</param>
            <param name="fragmentStartPosition">Start position of source fragment</param>
            <param name="fragmentLength">Length of source fragment</param>
            <param name="tabSize">Number of spaces in the tab</param>
            <returns>Formatted line</returns>
        </member>
        <member name="M:LibSassHost.Utilities.SourceCodeNavigator.CalculateAbsoluteNodeCoordinates(LibSassHost.Utilities.SourceCodeNodeCoordinates,LibSassHost.Utilities.SourceCodeNodeCoordinates)">
            <summary>
            Calculates a absolute node coordinates
            </summary>
            <param name="baseNodeCoordinates">Base node coordinates</param>
            <param name="relativeNodeCoordinates">Relative node coordinates</param>
            <returns>Absolute node coordinates</returns>
        </member>
        <member name="M:LibSassHost.Utilities.SourceCodeNavigator.CalculateAbsoluteNodeCoordinates(LibSassHost.Utilities.SourceCodeNodeCoordinates,System.String)">
            <summary>
            Calculates a absolute node coordinates
            </summary>
            <param name="baseNodeCoordinates">Base node coordinates</param>
            <param name="additionalContent">Additional content</param>
            <returns>Absolute node coordinates</returns>
        </member>
        <member name="M:LibSassHost.Utilities.SourceCodeNavigator.CalculateAbsoluteNodeCoordinates(LibSassHost.Utilities.SourceCodeNodeCoordinates,System.Int32,System.Int32)">
            <summary>
            Calculates a absolute node coordinates
            </summary>
            <param name="baseNodeCoordinates">Base node coordinates</param>
            <param name="lineBreakCount">Number of line breaks</param>
            <param name="charRemainderCount">Number of characters left</param>
            <returns>Absolute node coordinates</returns>
        </member>
        <member name="M:LibSassHost.Utilities.SourceCodeNavigator.GetCurrentLine(System.String,System.Int32,System.Int32@,System.Int32@)">
            <summary>
            Gets a current line content
            </summary>
            <param name="sourceCode">Source code</param>
            <param name="currentPosition">Current position</param>
            <param name="startLinePosition">Start position of line</param>
            <param name="endLinePosition">End position of line</param>
            <returns>Line content</returns>
        </member>
        <member name="T:LibSassHost.Utilities.SourceCodeNodeCoordinates">
            <summary>
            Source code node coordinates
            </summary>
        </member>
        <member name="F:LibSassHost.Utilities.SourceCodeNodeCoordinates._lineNumber">
            <summary>
            Line number
            </summary>
        </member>
        <member name="F:LibSassHost.Utilities.SourceCodeNodeCoordinates._columnNumber">
            <summary>
            Column number
            </summary>
        </member>
        <member name="P:LibSassHost.Utilities.SourceCodeNodeCoordinates.LineNumber">
            <summary>
            Gets or sets a line number
            </summary>
        </member>
        <member name="P:LibSassHost.Utilities.SourceCodeNodeCoordinates.ColumnNumber">
            <summary>
            Gets or sets a column number
            </summary>
        </member>
        <member name="F:LibSassHost.Utilities.SourceCodeNodeCoordinates.Empty">
            <summary>
            Represents a node coordinates that has line number and column number values set to zero.
            </summary>
        </member>
        <member name="P:LibSassHost.Utilities.SourceCodeNodeCoordinates.IsEmpty">
            <summary>
            Gets a value indicating whether this node coordinates is empty
            </summary>
        </member>
        <member name="M:LibSassHost.Utilities.SourceCodeNodeCoordinates.#ctor(System.Int32,System.Int32)">
            <summary>
            Constructs an instance of source code node coordinates
            </summary>
            <param name="lineNumber">Line number</param>
            <param name="columnNumber">Column number</param>
        </member>
        <member name="F:LibSassHost.Utilities.Utils._isMonoRuntime">
            <summary>
            Flag indicating whether the current runtime is Mono
            </summary>
        </member>
        <member name="M:LibSassHost.Utilities.Utils.#cctor">
            <summary>
            Static constructor
            </summary>
        </member>
        <member name="M:LibSassHost.Utilities.Utils.IsMonoRuntime">
            <summary>
            Determines whether the current runtime is Mono
            </summary>
            <returns>true if the runtime is Mono; otherwise, false</returns>
        </member>
        <member name="M:LibSassHost.Utilities.Utils.Is64BitProcess">
            <summary>
            Determines whether the current process is a 64-bit process
            </summary>
            <returns>true if the process is 64-bit; otherwise, false</returns>
        </member>
        <member name="T:LibSassHost.FileManager">
            <summary>
            File manager
            </summary>
        </member>
        <member name="F:LibSassHost.FileManager._instance">
            <summary>
            Instance of file manager
            </summary>
        </member>
        <member name="F:LibSassHost.FileManager._currentDirectoryName">
            <summary>
            Current working directory of the application
            </summary>
        </member>
        <member name="P:LibSassHost.FileManager.Instance">
            <summary>
            Gets a instance of file manager
            </summary>
        </member>
        <member name="M:LibSassHost.FileManager.#ctor">
            <summary>
            Private constructor for implementation Singleton pattern
            </summary>
        </member>
        <member name="M:LibSassHost.FileManager.GetDefaultDirectory">
            <summary>
            Gets a default working directory of the application
            </summary>
            <returns>The string containing the path of the default working directory</returns>
        </member>
        <member name="M:LibSassHost.FileManager.PathStartsWithDriveLetter(System.String)">
            <summary>
            Determines whether the beginning of specified path matches the drive letter
            </summary>
            <param name="path">The path</param>
            <returns>true if path starts with the drive letter; otherwise, false</returns>
        </member>
        <member name="T:LibSassHost.Helpers.MarshallingHelpers">
            <summary>
            Marshalling helpers
            </summary>
        </member>
        <member name="T:LibSassHost.Helpers.PathHelpers">
            <summary>
            Path helpers
            </summary>
        </member>
        <member name="M:LibSassHost.Helpers.PathHelpers.ProcessBackSlashes(System.String)">
            <summary>
            Converts a back slashes to forward slashes
            </summary>
            <param name="path">Path with back slashes</param>
            <returns>Path with forward slashes</returns>
        </member>
        <member name="T:LibSassHost.Helpers.SassErrorHelpers">
            <summary>
            Sass error helpers
            </summary>
        </member>
        <member name="M:LibSassHost.Helpers.SassErrorHelpers.GenerateCompilerLoadErrorMessage(System.String,System.Boolean)">
            <summary>
            Generates a compiler load error message
            </summary>
            <param name="description">Description of error</param>
            <param name="quoteDescription">Makes a quote from the description</param>
            <returns>Compiler load error message</returns>
        </member>
        <member name="M:LibSassHost.Helpers.SassErrorHelpers.GenerateErrorDetails(LibSassHost.SassException,System.Boolean)">
            <summary>
            Generates a detailed error message
            </summary>
            <param name="sassException">Sass exception</param>
            <param name="omitMessage">Flag for whether to omit message</param>
            <returns>Detailed error message</returns>
        </member>
        <member name="M:LibSassHost.Helpers.SassErrorHelpers.GenerateErrorDetails(LibSassHost.SassСompilationException,System.Boolean)">
            <summary>
            Generates a detailed error message
            </summary>
            <param name="sassСompilationException">Sass compilation exception</param>
            <param name="omitMessage">Flag for whether to omit message</param>
            <returns>Detailed error message</returns>
        </member>
        <member name="M:LibSassHost.Helpers.SassErrorHelpers.WriteCommonErrorDetails(System.Text.StringBuilder,LibSassHost.SassException,System.Boolean)">
            <summary>
            Writes a detailed error message to the buffer
            </summary>
            <param name="buffer">Instance of <see cref="T:System.Text.StringBuilder"/></param>
            <param name="sassException">Sass exception</param>
            <param name="omitMessage">Flag for whether to omit message</param>
        </member>
        <member name="M:LibSassHost.Helpers.SassErrorHelpers.WriteCompilationErrorDetails(System.Text.StringBuilder,LibSassHost.SassСompilationException)">
            <summary>
            Writes a detailed error message to the buffer
            </summary>
            <param name="buffer">Instance of <see cref="T:System.Text.StringBuilder"/></param>
            <param name="sassСompilationException">Sass compilation exception</param>
        </member>
        <member name="M:LibSassHost.Helpers.SassErrorHelpers.Format(LibSassHost.SassException)">
            <summary>
            Generates a detailed error message
            </summary>
            <param name="sassException">Sass exception</param>
            <returns>Detailed error message</returns>
        </member>
        <member name="M:LibSassHost.Helpers.SassErrorHelpers.Format(LibSassHost.SassСompilationException)">
            <summary>
            Generates a detailed error message
            </summary>
            <param name="sassСompilationException">Sass compilation exception</param>
            <returns>Detailed error message</returns>
        </member>
        <member name="T:LibSassHost.IFileManager">
            <summary>
            Defines a interface of file manager
            </summary>
        </member>
        <member name="P:LibSassHost.IFileManager.SupportsConversionToAbsolutePath">
            <summary>
            Gets a value that indicates if the file manager supports conversion of
            relative paths to an application absolute paths
            </summary>
        </member>
        <member name="M:LibSassHost.IFileManager.GetCurrentDirectory">
            <summary>
            Gets a current working directory of the application
            </summary>
            <returns>The string containing the path of the current working directory</returns>
        </member>
        <member name="M:LibSassHost.IFileManager.FileExists(System.String)">
            <summary>
            Determines whether the specified file exists
            </summary>
            <param name="path">The file to check</param>
            <returns>true if the caller has the required permissions and path contains
            the name of an existing file; otherwise, false</returns>
        </member>
        <member name="M:LibSassHost.IFileManager.IsAbsolutePath(System.String)">
            <summary>
            Gets a boolean value indicating whether the specified path is absolute
            </summary>
            <param name="path">The path to check</param>
            <returns>true if path is an absolute path; otherwise, false</returns>
        </member>
        <member name="M:LibSassHost.IFileManager.ToAbsolutePath(System.String)">
            <summary>
            Converts a relative path to an application absolute path
            </summary>
            <param name="path">The relative path</param>
            <returns>The absolute path representation of the specified relative path</returns>
        </member>
        <member name="M:LibSassHost.IFileManager.ReadFile(System.String)">
            <summary>
            Opens a file, reads all lines of the file, and then closes the file
            </summary>
            <param name="path">The file to open for reading</param>
            <returns>The string containing all lines of the file</returns>
        </member>
        <member name="T:LibSassHost.IndentType">
            <summary>
            Indent types
            </summary>
        </member>
        <member name="T:LibSassHost.Internal.Native.Sass_Api">
            <summary>
            Sass API
            </summary>
        </member>
        <member name="T:LibSassHost.Internal.Native.Sass_Context">
            <summary>
            Base for all contexts
            </summary>
        </member>
        <member name="F:LibSassHost.Internal.Native.Sass_Context.Reference">
            <summary>
            The reference
            </summary>
        </member>
        <member name="M:LibSassHost.Internal.Native.Sass_Context.#ctor(System.IntPtr)">
            <summary>
            Initializes a new instance of the <see cref="T:LibSassHost.Internal.Native.Sass_Context"/> struct
            </summary>
            <param name="reference">The reference</param>
        </member>
        <member name="T:LibSassHost.Internal.Native.Sass_Data_Context">
            <summary>
            Struct for data compilation
            </summary>
        </member>
        <member name="F:LibSassHost.Internal.Native.Sass_Data_Context.Reference">
            <summary>
            The reference
            </summary>
        </member>
        <member name="M:LibSassHost.Internal.Native.Sass_Data_Context.#ctor(System.IntPtr)">
            <summary>
            Initializes a new instance of the <see cref="T:LibSassHost.Internal.Native.Sass_Data_Context"/> struct
            </summary>
            <param name="reference">The reference</param>
        </member>
        <member name="T:LibSassHost.Internal.Native.Sass_File_Context">
            <summary>
            Struct for file compilation
            </summary>
        </member>
        <member name="F:LibSassHost.Internal.Native.Sass_File_Context.Reference">
            <summary>
            The reference
            </summary>
        </member>
        <member name="M:LibSassHost.Internal.Native.Sass_File_Context.#ctor(System.IntPtr)">
            <summary>
            Initializes a new instance of the <see cref="T:LibSassHost.Internal.Native.Sass_File_Context"/> struct
            </summary>
            <param name="reference">The reference</param>
        </member>
        <member name="T:LibSassHost.Internal.Native.Sass_Options">
            <summary>
            Sass config options structure
            </summary>
        </member>
        <member name="F:LibSassHost.Internal.Native.Sass_Options.Reference">
            <summary>
            The reference
            </summary>
        </member>
        <member name="M:LibSassHost.Internal.Native.Sass_Options.#ctor(System.IntPtr)">
            <summary>
            Initializes a new instance of the <see cref="T:LibSassHost.Internal.Native.Sass_Options"/> struct
            </summary>
            <param name="reference">The reference</param>
        </member>
        <member name="T:LibSassHost.Internal.Native.Sass_Output_Style">
            <summary>
            Different render styles
            </summary>
        </member>
        <member name="T:LibSassHost.Internal.Native.size_t">
            <summary>
            .NET representation of <code>size_t</code> type
            </summary>
        </member>
        <member name="F:LibSassHost.Internal.Native.size_t.Reference">
            <summary>
            The reference
            </summary>
        </member>
        <member name="M:LibSassHost.Internal.Native.size_t.#ctor(System.IntPtr)">
            <summary>
            Initializes a new instance of the <see cref="T:LibSassHost.Internal.Native.size_t"/> struct
            </summary>
            <param name="reference">The reference</param>
        </member>
        <member name="M:LibSassHost.Internal.Native.size_t.#ctor(System.Int32)">
            <summary>
            Initializes a new instance of the <see cref="T:LibSassHost.Internal.Native.size_t"/> struct
            </summary>
            <param name="intValue">The <c>int</c> value</param>
        </member>
        <member name="M:LibSassHost.Internal.Native.size_t.#ctor(System.Int64)">
            <summary>
            Initializes a new instance of the <see cref="T:LibSassHost.Internal.Native.size_t"/> struct
            </summary>
            <param name="longValue">The <c>long</c> value</param>
        </member>
        <member name="T:LibSassHost.Internal.Native.Utf8_String">
            <summary>
            Represents text as a series of UTF-8 characters
            </summary>
        </member>
        <member name="F:LibSassHost.Internal.Native.Utf8_String.Reference">
            <summary>
            The reference
            </summary>
        </member>
        <member name="M:LibSassHost.Internal.Native.Utf8_String.#ctor(System.IntPtr)">
            <summary>
            Initializes a new instance of the <see cref="T:LibSassHost.Internal.Native.Utf8_String"/> struct
            </summary>
            <param name="reference">The reference</param>
        </member>
        <member name="T:LibSassHost.LineFeedType">
            <summary>
            Line feed types
            </summary>
        </member>
        <member name="T:LibSassHost.OutputStyle">
            <summary>
            Styles of output code
            </summary>
        </member>
        <member name="T:LibSassHost.Resources.Strings">
            <summary>
            A strongly-typed resource class, for looking up localized strings, etc.
            </summary>
        </member>
        <member name="P:LibSassHost.Resources.Strings.ResourceManager">
            <summary>
            Returns a cached ResourceManager instance used by this class
            </summary>
        </member>
        <member name="P:LibSassHost.Resources.Strings.Culture">
            <summary>
            Overrides a current thread's CurrentUICulture property for all
            resource lookups using this strongly typed resource class
            </summary>
        </member>
        <member name="P:LibSassHost.Resources.Strings.Common_ArgumentIsEmpty">
            <summary>
            Looks up a localized string similar to "The parameter `{0}` must be a non-empty string."
            </summary>
        </member>
        <member name="P:LibSassHost.Resources.Strings.Common_ArgumentIsNull">
            <summary>
            Looks up a localized string similar to "The parameter '{0}' must be a non-nullable."
            </summary>
        </member>
        <member name="P:LibSassHost.Resources.Strings.Common_FileNotExist">
            <summary>
            Looks up a localized string similar to "File '{0}' not exist."
            </summary>
        </member>
        <member name="P:LibSassHost.Resources.Strings.Common_SeeOriginalErrorMessage">
            <summary>
            Looks up a localized string similar to "See the original error message: “{0}”."
            </summary>
        </member>
        <member name="P:LibSassHost.Resources.Strings.Compiler_AddingDirectoryToDllSearchPathFailed">
            <summary>
            Looks up a localized string similar to "Failed to add the '{0}' directory to the search path used to locate DLLs for the application."
            </summary>
        </member>
        <member name="P:LibSassHost.Resources.Strings.Compiler_AssemblyNotFound">
            <summary>
            Looks up a localized string similar to "Most likely it happened, because the '{0}' assembly or one of its dependencies was not found."
            </summary>
        </member>
        <member name="P:LibSassHost.Resources.Strings.Compiler_BuildNativeAssemblyForCurrentProcessorArchitecture">
            <summary>
            Looks up a localized string similar to "You can build the '{0}' assembly for the current processor architecture by using following..."
            </summary>
        </member>
        <member name="P:LibSassHost.Resources.Strings.Compiler_ManualInstallationUnderMonoRequired">
            <summary>
            Looks up a localized string similar to "{0} packages do not support installation under Mono, but you can to install the native assembly..."
            </summary>
        </member>
        <member name="P:LibSassHost.Resources.Strings.Compiler_NoNuGetPackageForProcessorArchitecture">
            <summary>
            Looks up a localized string similar to "There is no {0} package for the {1} processor architecture."
            </summary>
        </member>
        <member name="P:LibSassHost.Resources.Strings.Compiler_NuGetPackageInstallationRequired">
            <summary>
            Looks up a localized string similar to "Try to install the {0} package via NuGet."
            </summary>
        </member>
        <member name="P:LibSassHost.Resources.Strings.Compiler_OperatingSystemNotSupported">
            <summary>
            Looks up a localized string similar to "Your operating system is not supported by the engine."
            </summary>
        </member>
        <member name="P:LibSassHost.Resources.Strings.Compiler_SassCompilerNotLoaded">
            <summary>
            Looks up a localized string similar to "During loading of Sass compiler error has occurred."
            </summary>
        </member>
        <member name="P:LibSassHost.Resources.Strings.ErrorDetails_ColumnNumber">
            <summary>
            Looks up a localized string similar to "Column number"
            </summary>
        </member>
        <member name="P:LibSassHost.Resources.Strings.ErrorDetails_Description">
            <summary>
            Looks up a localized string similar to "Description"
            </summary>
        </member>
        <member name="P:LibSassHost.Resources.Strings.ErrorDetails_ErrorCode">
            <summary>
            Looks up a localized string similar to "Error code"
            </summary>
        </member>
        <member name="P:LibSassHost.Resources.Strings.ErrorDetails_File">
            <summary>
            Looks up a localized string similar to "File"
            </summary>
        </member>
        <member name="P:LibSassHost.Resources.Strings.ErrorDetails_LineNumber">
            <summary>
            Looks up a localized string similar to "Line number"
            </summary>
        </member>
        <member name="P:LibSassHost.Resources.Strings.ErrorDetails_Message">
            <summary>
            Looks up a localized string similar to "Message"
            </summary>
        </member>
        <member name="P:LibSassHost.Resources.Strings.ErrorDetails_SourceFragment">
            <summary>
            Looks up a localized string similar to "Source fragment"
            </summary>
        </member>
        <member name="T:LibSassHost.SassCompiler">
            <summary>
            Sass compiler
            </summary>
        </member>
        <member name="F:LibSassHost.SassCompiler._version">
            <summary>
            Version of the LibSass library
            </summary>
        </member>
        <member name="F:LibSassHost.SassCompiler._languageVersion">
            <summary>
            Version of Sass language
            </summary>
        </member>
        <member name="F:LibSassHost.SassCompiler._defaultOptions">
            <summary>
            Default compilation options
            </summary>
        </member>
        <member name="F:LibSassHost.SassCompiler._fileManager">
            <summary>
            Instance of file manager
            </summary>
        </member>
        <member name="F:LibSassHost.SassCompiler._initializationSynchronizer">
            <summary>
            Synchronizer of Sass compiler initialization
            </summary>
        </member>
        <member name="F:LibSassHost.SassCompiler._initialized">
            <summary>
            Flag indicating whether the Sass compiler is initialized
            </summary>
        </member>
        <member name="F:LibSassHost.SassCompiler._mutex">
            <summary>
            Instance of mutex
            </summary>
        </member>
        <member name="P:LibSassHost.SassCompiler.Version">
            <summary>
            Gets a version of the LibSass library
            </summary>
        </member>
        <member name="P:LibSassHost.SassCompiler.LanguageVersion">
            <summary>
            Gets a version of Sass language
            </summary>
        </member>
        <member name="P:LibSassHost.SassCompiler.FileManager">
            <summary>
            Gets or sets a file manager
            </summary>
        </member>
        <member name="M:LibSassHost.SassCompiler.#cctor">
            <summary>
            Static constructor
            </summary>
            <exception cref="T:LibSassHost.SassCompilerLoadException">Failed to load a Sass-compiler.</exception>
        </member>
        <member name="M:LibSassHost.SassCompiler.Initialize">
            <summary>
            Initializes a Sass compiler
            </summary>
        </member>
        <member name="M:LibSassHost.SassCompiler.Compile(System.String,LibSassHost.CompilationOptions)">
            <summary>
            "Compiles" a Sass code to CSS code
            </summary>
            <param name="content">Text content written on Sass</param>
            <param name="options">Compilation options</param>
            <returns>Compilation result</returns>
            <exception cref="T:System.ArgumentException"/>
            <exception cref="T:System.ArgumentNullException" />
            <exception cref="T:LibSassHost.SassСompilationException">Sass compilation error.</exception>
        </member>
        <member name="M:LibSassHost.SassCompiler.Compile(System.String,System.Boolean,LibSassHost.CompilationOptions)">
            <summary>
            "Compiles" a Sass code to CSS code
            </summary>
            <param name="content">Text content written on Sass</param>
            <param name="indentedSyntax">Flag for whether to enable Sass Indented Syntax
            for parsing the data string</param>
            <param name="options">Compilation options</param>
            <returns>Compilation result</returns>
            <exception cref="T:System.ArgumentException"/>
            <exception cref="T:System.ArgumentNullException" />
            <exception cref="T:LibSassHost.SassСompilationException">Sass compilation error.</exception>
        </member>
        <member name="M:LibSassHost.SassCompiler.Compile(System.String,System.String,System.String,System.String,LibSassHost.CompilationOptions)">
            <summary>
            "Compiles" a Sass code to CSS code
            </summary>
            <param name="content">Text content written on Sass</param>
            <param name="inputPath">Path to input file</param>
            <param name="outputPath">Path to output file</param>
            <param name="sourceMapPath">Path to source map file</param>
            <param name="options">Compilation options</param>
            <returns>Compilation result</returns>
            <exception cref="T:System.ArgumentException"/>
            <exception cref="T:System.ArgumentNullException" />
            <exception cref="T:LibSassHost.SassСompilationException">Sass compilation error.</exception>
        </member>
        <member name="M:LibSassHost.SassCompiler.CompileFile(System.String,System.String,System.String,LibSassHost.CompilationOptions)">
            <summary>
            "Compiles" a Sass file to CSS code
            </summary>
            <param name="inputPath">Path to input file</param>
            <param name="outputPath">Path to output file</param>
            <param name="sourceMapPath">Path to source map file</param>
            <param name="options">Compilation options</param>
            <returns>Compilation result</returns>
            <exception cref="T:System.ArgumentException"/>
            <exception cref="T:System.ArgumentNullException" />
            <exception cref="T:LibSassHost.SassСompilationException">Sass compilation error.</exception>
        </member>
        <member name="T:LibSassHost.SassCompilerLoadException">
            <summary>
            The exception that is thrown when a loading of Sass compiler is failed
            </summary>
        </member>
        <member name="M:LibSassHost.SassCompilerLoadException.#ctor(System.String)">
            <summary>
            Initializes a new instance of the <see cref="T:LibSassHost.SassCompilerLoadException"/> class
            with a specified error message
            </summary>
            <param name="message">The message that describes the error</param>
        </member>
        <member name="M:LibSassHost.SassCompilerLoadException.#ctor(System.String,System.Exception)">
            <summary>
            Initializes a new instance of the <see cref="T:LibSassHost.SassCompilerLoadException"/> class
            with a specified error message and a reference to the inner exception
            that is the cause of this exception
            </summary>
            <param name="message">The error message that explains the reason for the exception</param>
            <param name="innerException">The exception that is the cause of the current exception</param>
        </member>
        <member name="M:LibSassHost.SassCompilerLoadException.#ctor(System.Runtime.Serialization.SerializationInfo,System.Runtime.Serialization.StreamingContext)">
            <summary>
            Initializes a new instance of the <see cref="T:LibSassHost.SassCompilerLoadException"/> class with serialized data
            </summary>
            <param name="info">The object that holds the serialized data</param>
            <param name="context">The contextual information about the source or destination</param>
        </member>
        <member name="T:LibSassHost.SassException">
            <summary>
            The exception that is thrown during the work of Sass compiler
            </summary>
        </member>
        <member name="F:LibSassHost.SassException._description">
            <summary>
            Description of error
            </summary>
        </member>
        <member name="P:LibSassHost.SassException.Description">
            <summary>
            Gets or sets a description of error
            </summary>
        </member>
        <member name="M:LibSassHost.SassException.#ctor(System.String)">
            <summary>
            Initializes a new instance of the <see cref="T:LibSassHost.SassException"/> class
            with a specified error message
            </summary>
            <param name="message">The message that describes the error</param>
        </member>
        <member name="M:LibSassHost.SassException.#ctor(System.String,System.Exception)">
            <summary>
            Initializes a new instance of the <see cref="T:LibSassHost.SassException"/> class
            with a specified error message and a reference to the inner exception
            that is the cause of this exception
            </summary>
            <param name="message">The error message that explains the reason for the exception</param>
            <param name="innerException">The exception that is the cause of the current exception</param>
        </member>
        <member name="M:LibSassHost.SassException.#ctor(System.Runtime.Serialization.SerializationInfo,System.Runtime.Serialization.StreamingContext)">
            <summary>
            Initializes a new instance of the <see cref="T:LibSassHost.SassException"/> class with serialized data
            </summary>
            <param name="info">The object that holds the serialized data</param>
            <param name="context">The contextual information about the source or destination</param>
        </member>
        <member name="M:LibSassHost.SassException.GetObjectData(System.Runtime.Serialization.SerializationInfo,System.Runtime.Serialization.StreamingContext)">
            <summary>
            Populates a <see cref="T:System.Runtime.Serialization.SerializationInfo"/> with the data needed to serialize the target object
            </summary>
            <param name="info">The <see cref="T:System.Runtime.Serialization.SerializationInfo"/> to populate with data</param>
            <param name="context">The destination (see <see cref="T:System.Runtime.Serialization.StreamingContext"/>) for this serialization</param>
        </member>
        <member name="M:LibSassHost.SassException.ToString">
            <summary>
            Returns a string that represents the current exception
            </summary>
            <returns>A string that represents the current exception</returns>
        </member>
        <member name="T:LibSassHost.SassСompilationException">
            <summary>
            The exception that is thrown during a Sass compilation
            </summary>
        </member>
        <member name="F:LibSassHost.SassСompilationException._errorCode">
            <summary>
            Error code
            </summary>
        </member>
        <member name="F:LibSassHost.SassСompilationException._file">
            <summary>
            Name of file, where the error occurred
            </summary>
        </member>
        <member name="F:LibSassHost.SassСompilationException._lineNumber">
            <summary>
            Line number
            </summary>
        </member>
        <member name="F:LibSassHost.SassСompilationException._columnNumber">
            <summary>
            Column number
            </summary>
        </member>
        <member name="F:LibSassHost.SassСompilationException._sourceFragment">
            <summary>
            Source fragment
            </summary>
        </member>
        <member name="P:LibSassHost.SassСompilationException.ErrorCode">
            <summary>
            Gets or sets a error code
            	1 - normal errors like parsing or <code>eval</code> errors;
            	2 - bad allocation error (memory error);
            	3 - "untranslated" C++ exception (<code>throw std::exception</code>);
            	4 - legacy string exceptions (<code>throw const char*</code> or <code>std::string</code>);
            	5 - some other unknown exception.
            </summary>
        </member>
        <member name="P:LibSassHost.SassСompilationException.Status">
            <summary>
            Gets or sets a error status
            </summary>
        </member>
        <member name="P:LibSassHost.SassСompilationException.Text">
            <summary>
            Gets or sets a error text
            </summary>
        </member>
        <member name="P:LibSassHost.SassСompilationException.File">
            <summary>
            Gets or sets a name of file, where the error occurred
            </summary>
        </member>
        <member name="P:LibSassHost.SassСompilationException.LineNumber">
            <summary>
            Gets or sets a line number
            </summary>
        </member>
        <member name="P:LibSassHost.SassСompilationException.ColumnNumber">
            <summary>
            Gets or sets a column number
            </summary>
        </member>
        <member name="P:LibSassHost.SassСompilationException.SourceFragment">
            <summary>
            Gets or sets a source fragment
            </summary>
        </member>
        <member name="M:LibSassHost.SassСompilationException.#ctor(System.String)">
            <summary>
            Initializes a new instance of the <see cref="T:LibSassHost.SassСompilationException"/> class
            with a specified error message
            </summary>
            <param name="message">The message that describes the error</param>
        </member>
        <member name="M:LibSassHost.SassСompilationException.#ctor(System.String,System.Exception)">
            <summary>
            Initializes a new instance of the <see cref="T:LibSassHost.SassСompilationException"/> class
            with a specified error message and a reference to the inner exception
            that is the cause of this exception
            </summary>
            <param name="message">The error message that explains the reason for the exception</param>
            <param name="innerException">The exception that is the cause of the current exception</param>
        </member>
        <member name="M:LibSassHost.SassСompilationException.#ctor(System.Runtime.Serialization.SerializationInfo,System.Runtime.Serialization.StreamingContext)">
            <summary>
            Initializes a new instance of the <see cref="T:LibSassHost.SassСompilationException"/> class with serialized data
            </summary>
            <param name="info">The object that holds the serialized data</param>
            <param name="context">The contextual information about the source or destination</param>
        </member>
        <member name="M:LibSassHost.SassСompilationException.GetObjectData(System.Runtime.Serialization.SerializationInfo,System.Runtime.Serialization.StreamingContext)">
            <summary>
            Populates a <see cref="T:System.Runtime.Serialization.SerializationInfo"/> with the data needed to serialize the target object
            </summary>
            <param name="info">The <see cref="T:System.Runtime.Serialization.SerializationInfo"/> to populate with data</param>
            <param name="context">The destination (see <see cref="T:System.Runtime.Serialization.StreamingContext"/>) for this serialization</param>
        </member>
    </members>
</doc>
